group_type,group_value,pair_count,unique_prompt_count,pearson,spearman,kendall_tau,mae,rmse,mean_bias,topk_overlap_5,topk_overlap_10,topk_overlap_20
overall,overall,23,4,0.4768544650923937,0.5009910812500193,0.48858497498160725,0.34782608695652173,0.5710402407201608,0.34782608695652173,1.0,1.0,1.0
map,__unknown_map__,23,4,0.4768544650923937,0.5009910812500193,0.48858497498160725,0.34782608695652173,0.5710402407201608,0.34782608695652173,1.0,1.0,1.0
opponent,ai.PassiveAI,4,4,,,,0.125,0.25,0.125,1.0,1.0,1.0
opponent,ai.RandomAI,4,4,0.5773502691896258,0.5773502691896258,0.5773502691896258,0.375,0.5590169943749475,0.375,1.0,1.0,1.0
opponent,ai.RandomBiasedAI,4,4,,,,0.25,0.5,0.25,1.0,1.0,1.0
opponent,ai.abstraction.HeavyRush,4,4,,,,0.75,0.8660254037844386,0.75,1.0,1.0,1.0
opponent,ai.abstraction.LightRush,4,4,,,,0.5,0.7071067811865476,0.5,1.0,1.0,1.0
opponent,ai.abstraction.WorkerRush,3,3,,,,0.0,0.0,0.0,1.0,1.0,1.0
